label,lr_precision_test,lr_recall_test,lr_f1_test,lr_roc_auc_test,lr_pr_auc_test,xgb_precision_test,xgb_recall_test,xgb_f1_test,xgb_roc_auc_test,xgb_pr_auc_test
drought_label,0.9650436953807741,0.9987080103359173,0.9815873015873016,0.9999187624395015,0.9997435190055695,0.9948453608247423,0.9974160206718347,0.9961290322580645,0.9999927094496988,0.9999767865865317
flood_label,0.3878504672897196,0.9880952380952381,0.5570469798657718,0.9831189650253037,0.45694847552148443,0.5897435897435898,0.8214285714285714,0.6865671641791045,0.9929119550690033,0.767439405582438
heatwave_label,0.0030120481927710845,1.0,0.006006006006006006,0.9186904395942207,0.0058383537534691665,0.0,0.0,0.0,0.12019674146941284,0.0005160828286035117
